Sr.No,State,Year,Month,Value
1,TELANGANA,1901,JAN,6.9
2,TELANGANA,1901,FEB,41.8
3,TELANGANA,1901,MAR,7.8
4,TELANGANA,1901,APR,45.2
5,TELANGANA,1901,MAY,22.0
6,TELANGANA,1901,JUN,123.6
7,TELANGANA,1901,JUL,237.8
8,TELANGANA,1901,AUG,177.2
9,TELANGANA,1901,SEP,77.7
10,TELANGANA,1901,OCT,75.5
11,TELANGANA,1901,NOV,12.2
12,TELANGANA,1901,DEC,0.0
13,TELANGANA,1902,JAN,0.0
14,TELANGANA,1902,FEB,0.0
15,TELANGANA,1902,MAR,0.2
16,TELANGANA,1902,APR,10.7
17,TELANGANA,1902,MAY,7.3
18,TELANGANA,1902,JUN,52.4
19,TELANGANA,1902,JUL,146.3
20,TELANGANA,1902,AUG,142.8
21,TELANGANA,1902,SEP,190.5
22,TELANGANA,1902,OCT,41.7
23,TELANGANA,1902,NOV,31.2
24,TELANGANA,1902,DEC,7.3
25,TELANGANA,1903,JAN,12.9
26,TELANGANA,1903,FEB,4.6
27,TELANGANA,1903,MAR,0.0
28,TELANGANA,1903,APR,9.9
29,TELANGANA,1903,MAY,40.7
30,TELANGANA,1903,JUN,99.2
31,TELANGANA,1903,JUL,505.2
32,TELANGANA,1903,AUG,246.7
33,TELANGANA,1903,SEP,191.9
34,TELANGANA,1903,OCT,155.8
35,TELANGANA,1903,NOV,15.5
36,TELANGANA,1903,DEC,1.1
37,TELANGANA,1904,JAN,0.0
38,TELANGANA,1904,FEB,0.0
39,TELANGANA,1904,MAR,10.8
40,TELANGANA,1904,APR,0.8
41,TELANGANA,1904,MAY,14.7
42,TELANGANA,1904,JUN,104.2
43,TELANGANA,1904,JUL,139.5
44,TELANGANA,1904,AUG,50.0
45,TELANGANA,1904,SEP,162.3
46,TELANGANA,1904,OCT,44.4
47,TELANGANA,1904,NOV,0.0
48,TELANGANA,1904,DEC,0.0
49,TELANGANA,1905,JAN,0.0
50,TELANGANA,1905,FEB,4.3
51,TELANGANA,1905,MAR,12.8
52,TELANGANA,1905,APR,27.6
53,TELANGANA,1905,MAY,32.2
54,TELANGANA,1905,JUN,129.5
55,TELANGANA,1905,JUL,82.4
56,TELANGANA,1905,AUG,237.3
57,TELANGANA,1905,SEP,179.1
58,TELANGANA,1905,OCT,19.6
59,TELANGANA,1905,NOV,0.0
60,TELANGANA,1905,DEC,0.0
61,TELANGANA,1906,JAN,22.5
62,TELANGANA,1906,FEB,1.2
63,TELANGANA,1906,MAR,13.4
64,TELANGANA,1906,APR,2.4
65,TELANGANA,1906,MAY,0.7
66,TELANGANA,1906,JUN,211.1
67,TELANGANA,1906,JUL,210.8
68,TELANGANA,1906,AUG,226.7
69,TELANGANA,1906,SEP,96.3
70,TELANGANA,1906,OCT,20.5
71,TELANGANA,1906,NOV,14.9
72,TELANGANA,1906,DEC,34.8
73,TELANGANA,1907,JAN,1.0
74,TELANGANA,1907,FEB,3.3
75,TELANGANA,1907,MAR,10.2
76,TELANGANA,1907,APR,61.9
77,TELANGANA,1907,MAY,0.2
78,TELANGANA,1907,JUN,217.5
79,TELANGANA,1907,JUL,160.5
80,TELANGANA,1907,AUG,263.3
81,TELANGANA,1907,SEP,116.8
82,TELANGANA,1907,OCT,0.3
83,TELANGANA,1907,NOV,3.6
84,TELANGANA,1907,DEC,5.0
85,TELANGANA,1908,JAN,35.6
86,TELANGANA,1908,FEB,2.6
87,TELANGANA,1908,MAR,5.2
88,TELANGANA,1908,APR,0.3
89,TELANGANA,1908,MAY,6.5
90,TELANGANA,1908,JUN,107.4
91,TELANGANA,1908,JUL,254.9
92,TELANGANA,1908,AUG,168.3
93,TELANGANA,1908,SEP,401.2
94,TELANGANA,1908,OCT,0.1
95,TELANGANA,1908,NOV,0.0
96,TELANGANA,1908,DEC,0.7
97,TELANGANA,1909,JAN,0.5
98,TELANGANA,1909,FEB,5.9
99,TELANGANA,1909,MAR,0.5
100,TELANGANA,1909,APR,26.4
101,TELANGANA,1909,MAY,2.2
102,TELANGANA,1909,JUN,133.8
103,TELANGANA,1909,JUL,288.3
104,TELANGANA,1909,AUG,168.6
105,TELANGANA,1909,SEP,138.5
106,TELANGANA,1909,OCT,4.6
107,TELANGANA,1909,NOV,0.0
108,TELANGANA,1909,DEC,0.2
109,TELANGANA,1910,JAN,0.0
110,TELANGANA,1910,FEB,0.0
111,TELANGANA,1910,MAR,0.0
112,TELANGANA,1910,APR,4.2
113,TELANGANA,1910,MAY,25.0
114,TELANGANA,1910,JUN,220.9
115,TELANGANA,1910,JUL,198.2
116,TELANGANA,1910,AUG,150.3
117,TELANGANA,1910,SEP,230.5
118,TELANGANA,1910,OCT,101.4
119,TELANGANA,1910,NOV,45.3
120,TELANGANA,1910,DEC,0.0
121,TELANGANA,1911,JAN,0.0
122,TELANGANA,1911,FEB,0.0
123,TELANGANA,1911,MAR,7.9
124,TELANGANA,1911,APR,0.7
125,TELANGANA,1911,MAY,7.8
126,TELANGANA,1911,JUN,133.9
127,TELANGANA,1911,JUL,122.1
128,TELANGANA,1911,AUG,176.3
129,TELANGANA,1911,SEP,174.4
130,TELANGANA,1911,OCT,23.0
131,TELANGANA,1911,NOV,6.0
132,TELANGANA,1911,DEC,9.9
133,TELANGANA,1912,JAN,0.0
134,TELANGANA,1912,FEB,37.5
135,TELANGANA,1912,MAR,0.0
136,TELANGANA,1912,APR,20.4
137,TELANGANA,1912,MAY,6.6
138,TELANGANA,1912,JUN,28.5
139,TELANGANA,1912,JUL,263.3
140,TELANGANA,1912,AUG,196.8
141,TELANGANA,1912,SEP,149.5
142,TELANGANA,1912,OCT,7.8
143,TELANGANA,1912,NOV,33.4
144,TELANGANA,1912,DEC,0.0
145,TELANGANA,1913,JAN,0.0
146,TELANGANA,1913,FEB,13.4
147,TELANGANA,1913,MAR,0.0
148,TELANGANA,1913,APR,8.0
149,TELANGANA,1913,MAY,34.6
150,TELANGANA,1913,JUN,83.5
151,TELANGANA,1913,JUL,337.2
152,TELANGANA,1913,AUG,108.8
153,TELANGANA,1913,SEP,101.7
154,TELANGANA,1913,OCT,35.2
155,TELANGANA,1913,NOV,0.0
156,TELANGANA,1913,DEC,9.7
157,TELANGANA,1914,JAN,0.0
158,TELANGANA,1914,FEB,0.0
159,TELANGANA,1914,MAR,1.2
160,TELANGANA,1914,APR,34.1
161,TELANGANA,1914,MAY,41.5
162,TELANGANA,1914,JUN,233.1
163,TELANGANA,1914,JUL,271.3
164,TELANGANA,1914,AUG,195.1
165,TELANGANA,1914,SEP,278.6
166,TELANGANA,1914,OCT,16.2
167,TELANGANA,1914,NOV,10.3
168,TELANGANA,1914,DEC,2.0
169,TELANGANA,1915,JAN,15.4
170,TELANGANA,1915,FEB,8.6
171,TELANGANA,1915,MAR,77.8
172,TELANGANA,1915,APR,18.8
173,TELANGANA,1915,MAY,26.7
174,TELANGANA,1915,JUN,165.6
175,TELANGANA,1915,JUL,140.4
176,TELANGANA,1915,AUG,236.2
177,TELANGANA,1915,SEP,186.8
178,TELANGANA,1915,OCT,122.0
179,TELANGANA,1915,NOV,23.6
180,TELANGANA,1915,DEC,0.1
181,TELANGANA,1916,JAN,0.0
182,TELANGANA,1916,FEB,4.1
183,TELANGANA,1916,MAR,0.0
184,TELANGANA,1916,APR,15.9
185,TELANGANA,1916,MAY,16.1
186,TELANGANA,1916,JUN,233.2
187,TELANGANA,1916,JUL,216.4
188,TELANGANA,1916,AUG,137.0
189,TELANGANA,1916,SEP,291.8
190,TELANGANA,1916,OCT,153.1
191,TELANGANA,1916,NOV,95.1
192,TELANGANA,1916,DEC,0.0
193,TELANGANA,1917,JAN,0.0
194,TELANGANA,1917,FEB,65.5
195,TELANGANA,1917,MAR,33.0
196,TELANGANA,1917,APR,34.1
197,TELANGANA,1917,MAY,52.7
198,TELANGANA,1917,JUN,184.1
199,TELANGANA,1917,JUL,267.5
200,TELANGANA,1917,AUG,180.1
201,TELANGANA,1917,SEP,275.6
202,TELANGANA,1917,OCT,106.7
203,TELANGANA,1917,NOV,6.6
204,TELANGANA,1917,DEC,0.0
205,TELANGANA,1918,JAN,20.2
206,TELANGANA,1918,FEB,0.0
207,TELANGANA,1918,MAR,32.6
208,TELANGANA,1918,APR,8.3
209,TELANGANA,1918,MAY,55.5
210,TELANGANA,1918,JUN,97.8
211,TELANGANA,1918,JUL,106.1
212,TELANGANA,1918,AUG,89.6
213,TELANGANA,1918,SEP,96.9
214,TELANGANA,1918,OCT,6.4
215,TELANGANA,1918,NOV,7.5
216,TELANGANA,1918,DEC,33.9
217,TELANGANA,1919,JAN,5.5
218,TELANGANA,1919,FEB,39.2
219,TELANGANA,1919,MAR,31.3
220,TELANGANA,1919,APR,35.0
221,TELANGANA,1919,MAY,23.6
222,TELANGANA,1919,JUN,158.8
223,TELANGANA,1919,JUL,139.4
224,TELANGANA,1919,AUG,115.3
225,TELANGANA,1919,SEP,129.9
226,TELANGANA,1919,OCT,130.6
227,TELANGANA,1919,NOV,78.5
228,TELANGANA,1919,DEC,7.4
229,TELANGANA,1920,JAN,7.4
230,TELANGANA,1920,FEB,0.0
231,TELANGANA,1920,MAR,1.7
232,TELANGANA,1920,APR,24.4
233,TELANGANA,1920,MAY,31.4
234,TELANGANA,1920,JUN,62.8
235,TELANGANA,1920,JUL,138.8
236,TELANGANA,1920,AUG,66.5
237,TELANGANA,1920,SEP,78.9
238,TELANGANA,1920,OCT,24.9
239,TELANGANA,1920,NOV,0.0
240,TELANGANA,1920,DEC,0.0
241,TELANGANA,1921,JAN,7.1
242,TELANGANA,1921,FEB,0.0
243,TELANGANA,1921,MAR,0.1
244,TELANGANA,1921,APR,5.4
245,TELANGANA,1921,MAY,5.5
246,TELANGANA,1921,JUN,200.9
247,TELANGANA,1921,JUL,296.7
248,TELANGANA,1921,AUG,161.1
249,TELANGANA,1921,SEP,240.7
250,TELANGANA,1921,OCT,68.0
251,TELANGANA,1921,NOV,17.9
252,TELANGANA,1921,DEC,0.0
253,TELANGANA,1922,JAN,55.3
254,TELANGANA,1922,FEB,0.0
255,TELANGANA,1922,MAR,0.0
256,TELANGANA,1922,APR,6.6
257,TELANGANA,1922,MAY,50.1
258,TELANGANA,1922,JUN,69.2
259,TELANGANA,1922,JUL,184.3
260,TELANGANA,1922,AUG,158.3
261,TELANGANA,1922,SEP,170.2
262,TELANGANA,1922,OCT,23.0
263,TELANGANA,1922,NOV,50.7
264,TELANGANA,1922,DEC,0.0
265,TELANGANA,1923,JAN,3.0
266,TELANGANA,1923,FEB,5.3
267,TELANGANA,1923,MAR,23.3
268,TELANGANA,1923,APR,10.7
269,TELANGANA,1923,MAY,18.0
270,TELANGANA,1923,JUN,43.5
271,TELANGANA,1923,JUL,222.8
272,TELANGANA,1923,AUG,80.3
273,TELANGANA,1923,SEP,334.4
274,TELANGANA,1923,OCT,44.0
275,TELANGANA,1923,NOV,1.0
276,TELANGANA,1923,DEC,0.0
277,TELANGANA,1924,JAN,37.0
278,TELANGANA,1924,FEB,0.0
279,TELANGANA,1924,MAR,0.0
280,TELANGANA,1924,APR,9.2
281,TELANGANA,1924,MAY,34.6
282,TELANGANA,1924,JUN,62.8
283,TELANGANA,1924,JUL,124.7
284,TELANGANA,1924,AUG,220.2
285,TELANGANA,1924,SEP,288.2
286,TELANGANA,1924,OCT,51.6
287,TELANGANA,1924,NOV,116.1
288,TELANGANA,1924,DEC,0.0
289,TELANGANA,1925,JAN,0.0
290,TELANGANA,1925,FEB,0.0
291,TELANGANA,1925,MAR,0.0
292,TELANGANA,1925,APR,49.8
293,TELANGANA,1925,MAY,97.8
294,TELANGANA,1925,JUN,168.1
295,TELANGANA,1925,JUL,266.2
296,TELANGANA,1925,AUG,239.2
297,TELANGANA,1925,SEP,148.1
298,TELANGANA,1925,OCT,187.5
299,TELANGANA,1925,NOV,8.1
300,TELANGANA,1925,DEC,3.1
301,TELANGANA,1926,JAN,46.1
302,TELANGANA,1926,FEB,2.0
303,TELANGANA,1926,MAR,24.0
304,TELANGANA,1926,APR,48.8
305,TELANGANA,1926,MAY,24.0
306,TELANGANA,1926,JUN,74.7
307,TELANGANA,1926,JUL,227.3
308,TELANGANA,1926,AUG,205.1
309,TELANGANA,1926,SEP,70.5
310,TELANGANA,1926,OCT,41.0
311,TELANGANA,1926,NOV,0.0
312,TELANGANA,1926,DEC,0.0
313,TELANGANA,1927,JAN,9.6
314,TELANGANA,1927,FEB,11.0
315,TELANGANA,1927,MAR,4.6
316,TELANGANA,1927,APR,2.0
317,TELANGANA,1927,MAY,14.3
318,TELANGANA,1927,JUN,248.3
319,TELANGANA,1927,JUL,266.0
320,TELANGANA,1927,AUG,158.5
321,TELANGANA,1927,SEP,142.4
322,TELANGANA,1927,OCT,59.9
323,TELANGANA,1927,NOV,89.0
324,TELANGANA,1927,DEC,0.0
325,TELANGANA,1928,JAN,0.0
326,TELANGANA,1928,FEB,15.8
327,TELANGANA,1928,MAR,47.3
328,TELANGANA,1928,APR,4.5
329,TELANGANA,1928,MAY,27.9
330,TELANGANA,1928,JUN,143.9
331,TELANGANA,1928,JUL,248.6
332,TELANGANA,1928,AUG,191.6
333,TELANGANA,1928,SEP,215.2
334,TELANGANA,1928,OCT,104.1
335,TELANGANA,1928,NOV,0.0
336,TELANGANA,1928,DEC,7.4
337,TELANGANA,1929,JAN,5.3
338,TELANGANA,1929,FEB,64.8
339,TELANGANA,1929,MAR,0.0
340,TELANGANA,1929,APR,21.7
341,TELANGANA,1929,MAY,2.8
342,TELANGANA,1929,JUN,146.0
343,TELANGANA,1929,JUL,115.0
344,TELANGANA,1929,AUG,142.2
345,TELANGANA,1929,SEP,232.5
346,TELANGANA,1929,OCT,35.9
347,TELANGANA,1929,NOV,0.0
348,TELANGANA,1929,DEC,24.5
349,TELANGANA,1930,JAN,0.0
350,TELANGANA,1930,FEB,14.7
351,TELANGANA,1930,MAR,5.4
352,TELANGANA,1930,APR,13.5
353,TELANGANA,1930,MAY,1.7
354,TELANGANA,1930,JUN,184.9
355,TELANGANA,1930,JUL,131.1
356,TELANGANA,1930,AUG,144.7
357,TELANGANA,1930,SEP,215.6
358,TELANGANA,1930,OCT,60.0
359,TELANGANA,1930,NOV,64.3
360,TELANGANA,1930,DEC,0.0
361,TELANGANA,1931,JAN,0.3
362,TELANGANA,1931,FEB,5.1
363,TELANGANA,1931,MAR,4.0
364,TELANGANA,1931,APR,13.3
365,TELANGANA,1931,MAY,25.9
366,TELANGANA,1931,JUN,187.3
367,TELANGANA,1931,JUL,368.6
368,TELANGANA,1931,AUG,155.9
369,TELANGANA,1931,SEP,288.1
370,TELANGANA,1931,OCT,107.4
371,TELANGANA,1931,NOV,25.5
372,TELANGANA,1931,DEC,1.6
373,TELANGANA,1932,JAN,0.0
374,TELANGANA,1932,FEB,40.3
375,TELANGANA,1932,MAR,1.3
376,TELANGANA,1932,APR,17.6
377,TELANGANA,1932,MAY,25.8
378,TELANGANA,1932,JUN,119.7
379,TELANGANA,1932,JUL,300.4
380,TELANGANA,1932,AUG,179.0
381,TELANGANA,1932,SEP,172.9
382,TELANGANA,1932,OCT,32.0
383,TELANGANA,1932,NOV,60.9
384,TELANGANA,1932,DEC,0.0
385,TELANGANA,1933,JAN,12.9
386,TELANGANA,1933,FEB,17.4
387,TELANGANA,1933,MAR,15.7
388,TELANGANA,1933,APR,25.0
389,TELANGANA,1933,MAY,63.4
390,TELANGANA,1933,JUN,332.0
391,TELANGANA,1933,JUL,243.4
392,TELANGANA,1933,AUG,226.7
393,TELANGANA,1933,SEP,262.2
394,TELANGANA,1933,OCT,128.9
395,TELANGANA,1933,NOV,24.0
396,TELANGANA,1933,DEC,44.5
397,TELANGANA,1934,JAN,0.1
398,TELANGANA,1934,FEB,0.0
399,TELANGANA,1934,MAR,0.1
400,TELANGANA,1934,APR,18.3
401,TELANGANA,1934,MAY,1.2
402,TELANGANA,1934,JUN,111.7
403,TELANGANA,1934,JUL,296.9
404,TELANGANA,1934,AUG,280.2
405,TELANGANA,1934,SEP,162.3
406,TELANGANA,1934,OCT,15.2
407,TELANGANA,1934,NOV,42.0
408,TELANGANA,1934,DEC,0.0
409,TELANGANA,1935,JAN,16.2
410,TELANGANA,1935,FEB,3.4
411,TELANGANA,1935,MAR,1.4
412,TELANGANA,1935,APR,42.2
413,TELANGANA,1935,MAY,2.7
414,TELANGANA,1935,JUN,115.1
415,TELANGANA,1935,JUL,309.7
416,TELANGANA,1935,AUG,162.9
417,TELANGANA,1935,SEP,198.3
418,TELANGANA,1935,OCT,43.5
419,TELANGANA,1935,NOV,2.6
420,TELANGANA,1935,DEC,0.5
421,TELANGANA,1936,JAN,2.5
422,TELANGANA,1936,FEB,79.1
423,TELANGANA,1936,MAR,15.3
424,TELANGANA,1936,APR,8.4
425,TELANGANA,1936,MAY,73.7
426,TELANGANA,1936,JUN,200.0
427,TELANGANA,1936,JUL,268.9
428,TELANGANA,1936,AUG,220.9
429,TELANGANA,1936,SEP,128.4
430,TELANGANA,1936,OCT,96.4
431,TELANGANA,1936,NOV,48.2
432,TELANGANA,1936,DEC,15.1
433,TELANGANA,1937,JAN,0.0
434,TELANGANA,1937,FEB,33.2
435,TELANGANA,1937,MAR,28.6
436,TELANGANA,1937,APR,105.6
437,TELANGANA,1937,MAY,3.0
438,TELANGANA,1937,JUN,77.8
439,TELANGANA,1937,JUL,285.8
440,TELANGANA,1937,AUG,102.4
441,TELANGANA,1937,SEP,153.6
442,TELANGANA,1937,OCT,72.1
443,TELANGANA,1937,NOV,0.9
444,TELANGANA,1937,DEC,3.0
445,TELANGANA,1938,JAN,0.0
446,TELANGANA,1938,FEB,41.3
447,TELANGANA,1938,MAR,14.2
448,TELANGANA,1938,APR,16.6
449,TELANGANA,1938,MAY,27.8
450,TELANGANA,1938,JUN,226.3
451,TELANGANA,1938,JUL,331.6
452,TELANGANA,1938,AUG,256.5
453,TELANGANA,1938,SEP,201.9
454,TELANGANA,1938,OCT,59.2
455,TELANGANA,1938,NOV,0.0
456,TELANGANA,1938,DEC,0.0
457,TELANGANA,1939,JAN,0.0
458,TELANGANA,1939,FEB,0.0
459,TELANGANA,1939,MAR,22.0
460,TELANGANA,1939,APR,16.7
461,TELANGANA,1939,MAY,3.0
462,TELANGANA,1939,JUN,73.5
463,TELANGANA,1939,JUL,173.2
464,TELANGANA,1939,AUG,202.5
465,TELANGANA,1939,SEP,107.1
466,TELANGANA,1939,OCT,130.3
467,TELANGANA,1939,NOV,11.8
468,TELANGANA,1939,DEC,0.0
469,TELANGANA,1940,JAN,0.0
470,TELANGANA,1940,FEB,0.5
471,TELANGANA,1940,MAR,11.4
472,TELANGANA,1940,APR,33.6
473,TELANGANA,1940,MAY,91.4
474,TELANGANA,1940,JUN,128.5
475,TELANGANA,1940,JUL,345.8
476,TELANGANA,1940,AUG,281.5
477,TELANGANA,1940,SEP,94.7
478,TELANGANA,1940,OCT,64.9
479,TELANGANA,1940,NOV,22.2
480,TELANGANA,1940,DEC,8.1
481,TELANGANA,1941,JAN,16.6
482,TELANGANA,1941,FEB,3.3
483,TELANGANA,1941,MAR,4.8
484,TELANGANA,1941,APR,4.8
485,TELANGANA,1941,MAY,17.5
486,TELANGANA,1941,JUN,121.4
487,TELANGANA,1941,JUL,87.9
488,TELANGANA,1941,AUG,149.9
489,TELANGANA,1941,SEP,137.5
490,TELANGANA,1941,OCT,49.6
491,TELANGANA,1941,NOV,0.7
492,TELANGANA,1941,DEC,0.4
493,TELANGANA,1942,JAN,0.0
494,TELANGANA,1942,FEB,23.0
495,TELANGANA,1942,MAR,0.2
496,TELANGANA,1942,APR,31.7
497,TELANGANA,1942,MAY,30.9
498,TELANGANA,1942,JUN,160.0
499,TELANGANA,1942,JUL,250.1
500,TELANGANA,1942,AUG,277.3
501,TELANGANA,1942,SEP,107.4
502,TELANGANA,1942,OCT,20.9
503,TELANGANA,1942,NOV,3.9
504,TELANGANA,1942,DEC,1.6
505,TELANGANA,1943,JAN,15.2
506,TELANGANA,1943,FEB,0.6
507,TELANGANA,1943,MAR,1.7
508,TELANGANA,1943,APR,34.4
509,TELANGANA,1943,MAY,26.9
510,TELANGANA,1943,JUN,180.4
511,TELANGANA,1943,JUL,179.3
512,TELANGANA,1943,AUG,133.4
513,TELANGANA,1943,SEP,262.2
514,TELANGANA,1943,OCT,62.7
515,TELANGANA,1943,NOV,2.6
516,TELANGANA,1943,DEC,0.0
517,TELANGANA,1944,JAN,0.0
518,TELANGANA,1944,FEB,13.7
519,TELANGANA,1944,MAR,82.3
520,TELANGANA,1944,APR,5.4
521,TELANGANA,1944,MAY,15.7
522,TELANGANA,1944,JUN,114.5
523,TELANGANA,1944,JUL,224.1
524,TELANGANA,1944,AUG,142.4
525,TELANGANA,1944,SEP,207.7
526,TELANGANA,1944,OCT,131.9
527,TELANGANA,1944,NOV,22.7
528,TELANGANA,1944,DEC,0.0
529,TELANGANA,1945,JAN,4.3
530,TELANGANA,1945,FEB,0.0
531,TELANGANA,1945,MAR,0.0
532,TELANGANA,1945,APR,39.0
533,TELANGANA,1945,MAY,11.2
534,TELANGANA,1945,JUN,144.5
535,TELANGANA,1945,JUL,332.1
536,TELANGANA,1945,AUG,238.4
537,TELANGANA,1945,SEP,159.1
538,TELANGANA,1945,OCT,94.1
539,TELANGANA,1945,NOV,4.8
540,TELANGANA,1945,DEC,0.0
541,TELANGANA,1946,JAN,0.0
542,TELANGANA,1946,FEB,15.9
543,TELANGANA,1946,MAR,5.2
544,TELANGANA,1946,APR,21.7
545,TELANGANA,1946,MAY,14.5
546,TELANGANA,1946,JUN,152.1
547,TELANGANA,1946,JUL,287.2
548,TELANGANA,1946,AUG,149.5
549,TELANGANA,1946,SEP,85.0
550,TELANGANA,1946,OCT,30.7
551,TELANGANA,1946,NOV,57.5
552,TELANGANA,1946,DEC,3.6
553,TELANGANA,1947,JAN,13.4
554,TELANGANA,1947,FEB,18.0
555,TELANGANA,1947,MAR,3.3
556,TELANGANA,1947,APR,1.8
557,TELANGANA,1947,MAY,10.8
558,TELANGANA,1947,JUN,59.9
559,TELANGANA,1947,JUL,273.3
560,TELANGANA,1947,AUG,315.5
561,TELANGANA,1947,SEP,248.3
562,TELANGANA,1947,OCT,35.3
563,TELANGANA,1947,NOV,16.2
564,TELANGANA,1947,DEC,9.7
565,TELANGANA,1948,JAN,3.7
566,TELANGANA,1948,FEB,4.6
567,TELANGANA,1948,MAR,5.1
568,TELANGANA,1948,APR,20.0
569,TELANGANA,1948,MAY,15.0
570,TELANGANA,1948,JUN,71.4
571,TELANGANA,1948,JUL,239.3
572,TELANGANA,1948,AUG,165.4
573,TELANGANA,1948,SEP,242.5
574,TELANGANA,1948,OCT,25.0
575,TELANGANA,1948,NOV,123.0
576,TELANGANA,1948,DEC,0.0
577,TELANGANA,1949,JAN,0.5
578,TELANGANA,1949,FEB,0.0
579,TELANGANA,1949,MAR,2.4
580,TELANGANA,1949,APR,13.8
581,TELANGANA,1949,MAY,67.9
582,TELANGANA,1949,JUN,152.0
583,TELANGANA,1949,JUL,335.5
584,TELANGANA,1949,AUG,173.6
585,TELANGANA,1949,SEP,198.1
586,TELANGANA,1949,OCT,94.6
587,TELANGANA,1949,NOV,0.2
588,TELANGANA,1949,DEC,0.0
589,TELANGANA,1950,JAN,0.0
590,TELANGANA,1950,FEB,34.7
591,TELANGANA,1950,MAR,14.2
592,TELANGANA,1950,APR,0.2
593,TELANGANA,1950,MAY,11.6
594,TELANGANA,1950,JUN,78.4
595,TELANGANA,1950,JUL,222.7
596,TELANGANA,1950,AUG,118.5
597,TELANGANA,1950,SEP,254.1
598,TELANGANA,1950,OCT,21.8
599,TELANGANA,1950,NOV,4.7
600,TELANGANA,1950,DEC,0.5
601,TELANGANA,1951,JAN,0.0
602,TELANGANA,1951,FEB,0.0
603,TELANGANA,1951,MAR,56.1
604,TELANGANA,1951,APR,20.1
605,TELANGANA,1951,MAY,31.1
606,TELANGANA,1951,JUN,116.8
607,TELANGANA,1951,JUL,356.0
608,TELANGANA,1951,AUG,151.7
609,TELANGANA,1951,SEP,103.9
610,TELANGANA,1951,OCT,64.4
611,TELANGANA,1951,NOV,0.7
612,TELANGANA,1951,DEC,0.0
613,TELANGANA,1952,JAN,0.5
614,TELANGANA,1952,FEB,16.4
615,TELANGANA,1952,MAR,0.8
616,TELANGANA,1952,APR,12.4
617,TELANGANA,1952,MAY,32.5
618,TELANGANA,1952,JUN,80.1
619,TELANGANA,1952,JUL,205.1
620,TELANGANA,1952,AUG,148.9
621,TELANGANA,1952,SEP,137.7
622,TELANGANA,1952,OCT,88.3
623,TELANGANA,1952,NOV,0.2
624,TELANGANA,1952,DEC,6.9
625,TELANGANA,1953,JAN,5.1
626,TELANGANA,1953,FEB,0.0
627,TELANGANA,1953,MAR,3.0
628,TELANGANA,1953,APR,26.8
629,TELANGANA,1953,MAY,0.7
630,TELANGANA,1953,JUN,224.0
631,TELANGANA,1953,JUL,200.9
632,TELANGANA,1953,AUG,364.5
633,TELANGANA,1953,SEP,269.5
634,TELANGANA,1953,OCT,175.8
635,TELANGANA,1953,NOV,1.7
636,TELANGANA,1953,DEC,0.0
637,TELANGANA,1954,JAN,0.0
638,TELANGANA,1954,FEB,0.0
639,TELANGANA,1954,MAR,13.2
640,TELANGANA,1954,APR,4.3
641,TELANGANA,1954,MAY,14.4
642,TELANGANA,1954,JUN,105.3
643,TELANGANA,1954,JUL,300.4
644,TELANGANA,1954,AUG,192.5
645,TELANGANA,1954,SEP,252.9
646,TELANGANA,1954,OCT,44.2
647,TELANGANA,1954,NOV,0.0
648,TELANGANA,1954,DEC,1.2
649,TELANGANA,1955,JAN,1.0
650,TELANGANA,1955,FEB,0.0
651,TELANGANA,1955,MAR,2.9
652,TELANGANA,1955,APR,9.8
653,TELANGANA,1955,MAY,27.8
654,TELANGANA,1955,JUN,230.3
655,TELANGANA,1955,JUL,259.9
656,TELANGANA,1955,AUG,300.1
657,TELANGANA,1955,SEP,249.7
658,TELANGANA,1955,OCT,116.2
659,TELANGANA,1955,NOV,5.5
660,TELANGANA,1955,DEC,0.0
661,TELANGANA,1956,JAN,0.7
662,TELANGANA,1956,FEB,1.5
663,TELANGANA,1956,MAR,1.9
664,TELANGANA,1956,APR,5.9
665,TELANGANA,1956,MAY,52.9
666,TELANGANA,1956,JUN,220.1
667,TELANGANA,1956,JUL,393.8
668,TELANGANA,1956,AUG,133.3
669,TELANGANA,1956,SEP,156.9
670,TELANGANA,1956,OCT,94.5
671,TELANGANA,1956,NOV,59.1
672,TELANGANA,1956,DEC,0.0
673,TELANGANA,1957,JAN,0.0
674,TELANGANA,1957,FEB,7.7
675,TELANGANA,1957,MAR,23.7
676,TELANGANA,1957,APR,33.4
677,TELANGANA,1957,MAY,18.6
678,TELANGANA,1957,JUN,157.9
679,TELANGANA,1957,JUL,206.9
680,TELANGANA,1957,AUG,358.5
681,TELANGANA,1957,SEP,100.9
682,TELANGANA,1957,OCT,75.6
683,TELANGANA,1957,NOV,0.0
684,TELANGANA,1957,DEC,0.0
685,TELANGANA,1958,JAN,2.1
686,TELANGANA,1958,FEB,4.9
687,TELANGANA,1958,MAR,10.0
688,TELANGANA,1958,APR,24.7
689,TELANGANA,1958,MAY,14.1
690,TELANGANA,1958,JUN,72.9
691,TELANGANA,1958,JUL,407.5
692,TELANGANA,1958,AUG,351.7
693,TELANGANA,1958,SEP,135.2
694,TELANGANA,1958,OCT,69.8
695,TELANGANA,1958,NOV,20.9
696,TELANGANA,1958,DEC,0.0
697,TELANGANA,1959,JAN,1.0
698,TELANGANA,1959,FEB,0.4
699,TELANGANA,1959,MAR,0.0
700,TELANGANA,1959,APR,4.0
701,TELANGANA,1959,MAY,16.3
702,TELANGANA,1959,JUN,163.7
703,TELANGANA,1959,JUL,403.2
704,TELANGANA,1959,AUG,348.3
705,TELANGANA,1959,SEP,212.8
706,TELANGANA,1959,OCT,68.6
707,TELANGANA,1959,NOV,4.2
708,TELANGANA,1959,DEC,1.7
709,TELANGANA,1960,JAN,0.7
710,TELANGANA,1960,FEB,0.0
711,TELANGANA,1960,MAR,32.9
712,TELANGANA,1960,APR,4.1
713,TELANGANA,1960,MAY,21.9
714,TELANGANA,1960,JUN,223.9
715,TELANGANA,1960,JUL,203.6
716,TELANGANA,1960,AUG,82.1
717,TELANGANA,1960,SEP,197.5
718,TELANGANA,1960,OCT,59.4
719,TELANGANA,1960,NOV,12.0
720,TELANGANA,1960,DEC,1.4
721,TELANGANA,1961,JAN,0.8
722,TELANGANA,1961,FEB,6.1
723,TELANGANA,1961,MAR,2.7
724,TELANGANA,1961,APR,11.8
725,TELANGANA,1961,MAY,46.1
726,TELANGANA,1961,JUN,142.2
727,TELANGANA,1961,JUL,368.3
728,TELANGANA,1961,AUG,209.2
729,TELANGANA,1961,SEP,144.5
730,TELANGANA,1961,OCT,188.3
731,TELANGANA,1961,NOV,26.4
732,TELANGANA,1961,DEC,0.2
733,TELANGANA,1962,JAN,0.2
734,TELANGANA,1962,FEB,25.1
735,TELANGANA,1962,MAR,2.1
736,TELANGANA,1962,APR,47.0
737,TELANGANA,1962,MAY,20.3
738,TELANGANA,1962,JUN,84.5
739,TELANGANA,1962,JUL,270.5
740,TELANGANA,1962,AUG,264.1
741,TELANGANA,1962,SEP,289.6
742,TELANGANA,1962,OCT,62.5
743,TELANGANA,1962,NOV,38.6
744,TELANGANA,1962,DEC,34.2
745,TELANGANA,1963,JAN,0.0
746,TELANGANA,1963,FEB,0.3
747,TELANGANA,1963,MAR,4.0
748,TELANGANA,1963,APR,35.5
749,TELANGANA,1963,MAY,9.0
750,TELANGANA,1963,JUN,179.5
751,TELANGANA,1963,JUL,214.7
752,TELANGANA,1963,AUG,372.7
753,TELANGANA,1963,SEP,103.3
754,TELANGANA,1963,OCT,91.2
755,TELANGANA,1963,NOV,0.0
756,TELANGANA,1963,DEC,0.0
757,TELANGANA,1964,JAN,0.0
758,TELANGANA,1964,FEB,0.2
759,TELANGANA,1964,MAR,5.5
760,TELANGANA,1964,APR,2.1
761,TELANGANA,1964,MAY,0.7
762,TELANGANA,1964,JUN,109.1
763,TELANGANA,1964,JUL,186.3
764,TELANGANA,1964,AUG,232.3
765,TELANGANA,1964,SEP,302.4
766,TELANGANA,1964,OCT,41.7
767,TELANGANA,1964,NOV,7.2
768,TELANGANA,1964,DEC,0.0
769,TELANGANA,1965,JAN,2.7
770,TELANGANA,1965,FEB,0.8
771,TELANGANA,1965,MAR,4.4
772,TELANGANA,1965,APR,6.8
773,TELANGANA,1965,MAY,2.7
774,TELANGANA,1965,JUN,124.3
775,TELANGANA,1965,JUL,318.6
776,TELANGANA,1965,AUG,152.2
777,TELANGANA,1965,SEP,166.2
778,TELANGANA,1965,OCT,0.1
779,TELANGANA,1965,NOV,0.0
780,TELANGANA,1965,DEC,0.0
781,TELANGANA,1966,JAN,19.8
782,TELANGANA,1966,FEB,0.0
783,TELANGANA,1966,MAR,2.6
784,TELANGANA,1966,APR,7.9
785,TELANGANA,1966,MAY,2.7
786,TELANGANA,1966,JUN,67.2
787,TELANGANA,1966,JUL,294.0
788,TELANGANA,1966,AUG,216.3
789,TELANGANA,1966,SEP,254.4
790,TELANGANA,1966,OCT,39.5
791,TELANGANA,1966,NOV,34.9
792,TELANGANA,1966,DEC,31.7
793,TELANGANA,1967,JAN,0.3
794,TELANGANA,1967,FEB,0.0
795,TELANGANA,1967,MAR,62.7
796,TELANGANA,1967,APR,8.5
797,TELANGANA,1967,MAY,1.1
798,TELANGANA,1967,JUN,166.7
799,TELANGANA,1967,JUL,320.8
800,TELANGANA,1967,AUG,183.7
801,TELANGANA,1967,SEP,139.4
802,TELANGANA,1967,OCT,5.6
803,TELANGANA,1967,NOV,0.2
804,TELANGANA,1967,DEC,53.1
805,TELANGANA,1968,JAN,16.5
806,TELANGANA,1968,FEB,15.0
807,TELANGANA,1968,MAR,35.1
808,TELANGANA,1968,APR,16.0
809,TELANGANA,1968,MAY,7.4
810,TELANGANA,1968,JUN,87.6
811,TELANGANA,1968,JUL,188.6
812,TELANGANA,1968,AUG,52.3
813,TELANGANA,1968,SEP,231.4
814,TELANGANA,1968,OCT,82.7
815,TELANGANA,1968,NOV,15.8
816,TELANGANA,1968,DEC,0.1
817,TELANGANA,1969,JAN,2.2
818,TELANGANA,1969,FEB,0.0
819,TELANGANA,1969,MAR,1.4
820,TELANGANA,1969,APR,9.6
821,TELANGANA,1969,MAY,53.3
822,TELANGANA,1969,JUN,103.2
823,TELANGANA,1969,JUL,265.5
824,TELANGANA,1969,AUG,186.4
825,TELANGANA,1969,SEP,278.8
826,TELANGANA,1969,OCT,56.1
827,TELANGANA,1969,NOV,64.4
828,TELANGANA,1969,DEC,26.2
829,TELANGANA,1970,JAN,6.9
830,TELANGANA,1970,FEB,0.7
831,TELANGANA,1970,MAR,4.5
832,TELANGANA,1970,APR,22.5
833,TELANGANA,1970,MAY,45.8
834,TELANGANA,1970,JUN,205.5
835,TELANGANA,1970,JUL,135.6
836,TELANGANA,1970,AUG,345.8
837,TELANGANA,1970,SEP,176.1
838,TELANGANA,1970,OCT,26.8
839,TELANGANA,1970,NOV,0.0
840,TELANGANA,1970,DEC,0.0
841,TELANGANA,1971,JAN,7.3
842,TELANGANA,1971,FEB,7.5
843,TELANGANA,1971,MAR,6.3
844,TELANGANA,1971,APR,6.9
845,TELANGANA,1971,MAY,37.8
846,TELANGANA,1971,JUN,139.9
847,TELANGANA,1971,JUL,114.1
848,TELANGANA,1971,AUG,144.3
849,TELANGANA,1971,SEP,97.2
850,TELANGANA,1971,OCT,167.9
851,TELANGANA,1971,NOV,0.0
852,TELANGANA,1971,DEC,0.0
853,TELANGANA,1972,JAN,0.0
854,TELANGANA,1972,FEB,14.6
855,TELANGANA,1972,MAR,0.1
856,TELANGANA,1972,APR,12.7
857,TELANGANA,1972,MAY,12.2
858,TELANGANA,1972,JUN,162.8
859,TELANGANA,1972,JUL,183.9
860,TELANGANA,1972,AUG,93.9
861,TELANGANA,1972,SEP,71.3
862,TELANGANA,1972,OCT,64.8
863,TELANGANA,1972,NOV,49.7
864,TELANGANA,1972,DEC,4.8
865,TELANGANA,1973,JAN,0.0
866,TELANGANA,1973,FEB,0.0
867,TELANGANA,1973,MAR,1.7
868,TELANGANA,1973,APR,5.5
869,TELANGANA,1973,MAY,6.4
870,TELANGANA,1973,JUN,110.5
871,TELANGANA,1973,JUL,239.4
872,TELANGANA,1973,AUG,367.0
873,TELANGANA,1973,SEP,83.5
874,TELANGANA,1973,OCT,223.0
875,TELANGANA,1973,NOV,5.3
876,TELANGANA,1973,DEC,0.1
877,TELANGANA,1974,JAN,0.0
878,TELANGANA,1974,FEB,0.0
879,TELANGANA,1974,MAR,1.8
880,TELANGANA,1974,APR,7.0
881,TELANGANA,1974,MAY,32.9
882,TELANGANA,1974,JUN,111.1
883,TELANGANA,1974,JUL,113.1
884,TELANGANA,1974,AUG,171.9
885,TELANGANA,1974,SEP,124.8
886,TELANGANA,1974,OCT,261.6
887,TELANGANA,1974,NOV,6.0
888,TELANGANA,1974,DEC,0.0
889,TELANGANA,1975,JAN,12.9
890,TELANGANA,1975,FEB,10.5
891,TELANGANA,1975,MAR,7.7
892,TELANGANA,1975,APR,3.0
893,TELANGANA,1975,MAY,21.8
894,TELANGANA,1975,JUN,138.8
895,TELANGANA,1975,JUL,269.4
896,TELANGANA,1975,AUG,194.0
897,TELANGANA,1975,SEP,347.0
898,TELANGANA,1975,OCT,204.9
899,TELANGANA,1975,NOV,5.7
900,TELANGANA,1975,DEC,0.0
901,TELANGANA,1976,JAN,0.2
902,TELANGANA,1976,FEB,0.0
903,TELANGANA,1976,MAR,1.0
904,TELANGANA,1976,APR,25.6
905,TELANGANA,1976,MAY,10.7
906,TELANGANA,1976,JUN,85.7
907,TELANGANA,1976,JUL,471.7
908,TELANGANA,1976,AUG,277.3
909,TELANGANA,1976,SEP,123.4
910,TELANGANA,1976,OCT,5.6
911,TELANGANA,1976,NOV,34.5
912,TELANGANA,1976,DEC,0.0
913,TELANGANA,1977,JAN,0.0
914,TELANGANA,1977,FEB,0.0
915,TELANGANA,1977,MAR,2.4
916,TELANGANA,1977,APR,8.0
917,TELANGANA,1977,MAY,42.3
918,TELANGANA,1977,JUN,97.4
919,TELANGANA,1977,JUL,253.1
920,TELANGANA,1977,AUG,240.0
921,TELANGANA,1977,SEP,70.9
922,TELANGANA,1977,OCT,51.0
923,TELANGANA,1977,NOV,36.7
924,TELANGANA,1977,DEC,6.7
925,TELANGANA,1978,JAN,30.7
926,TELANGANA,1978,FEB,19.1
927,TELANGANA,1978,MAR,5.9
928,TELANGANA,1978,APR,20.6
929,TELANGANA,1978,MAY,23.0
930,TELANGANA,1978,JUN,261.6
931,TELANGANA,1978,JUL,376.5
932,TELANGANA,1978,AUG,376.7
933,TELANGANA,1978,SEP,116.0
934,TELANGANA,1978,OCT,50.1
935,TELANGANA,1978,NOV,31.6
936,TELANGANA,1978,DEC,0.0
937,TELANGANA,1979,JAN,9.8
938,TELANGANA,1979,FEB,22.8
939,TELANGANA,1979,MAR,1.2
940,TELANGANA,1979,APR,12.6
941,TELANGANA,1979,MAY,48.7
942,TELANGANA,1979,JUN,145.9
943,TELANGANA,1979,JUL,156.4
944,TELANGANA,1979,AUG,131.8
945,TELANGANA,1979,SEP,200.0
946,TELANGANA,1979,OCT,15.7
947,TELANGANA,1979,NOV,39.5
948,TELANGANA,1979,DEC,7.3
949,TELANGANA,1980,JAN,0.0
950,TELANGANA,1980,FEB,0.0
951,TELANGANA,1980,MAR,5.3
952,TELANGANA,1980,APR,15.5
953,TELANGANA,1980,MAY,8.3
954,TELANGANA,1980,JUN,219.6
955,TELANGANA,1980,JUL,210.1
956,TELANGANA,1980,AUG,294.5
957,TELANGANA,1980,SEP,145.6
958,TELANGANA,1980,OCT,5.0
959,TELANGANA,1980,NOV,2.4
960,TELANGANA,1980,DEC,16.2
961,TELANGANA,1981,JAN,10.3
962,TELANGANA,1981,FEB,0.0
963,TELANGANA,1981,MAR,26.2
964,TELANGANA,1981,APR,11.7
965,TELANGANA,1981,MAY,40.1
966,TELANGANA,1981,JUN,187.2
967,TELANGANA,1981,JUL,227.5
968,TELANGANA,1981,AUG,310.2
969,TELANGANA,1981,SEP,285.2
970,TELANGANA,1981,OCT,42.5
971,TELANGANA,1981,NOV,0.8
972,TELANGANA,1981,DEC,2.1
973,TELANGANA,1982,JAN,5.7
974,TELANGANA,1982,FEB,0.0
975,TELANGANA,1982,MAR,4.2
976,TELANGANA,1982,APR,22.2
977,TELANGANA,1982,MAY,37.1
978,TELANGANA,1982,JUN,123.8
979,TELANGANA,1982,JUL,265.6
980,TELANGANA,1982,AUG,184.1
981,TELANGANA,1982,SEP,174.4
982,TELANGANA,1982,OCT,100.8
983,TELANGANA,1982,NOV,15.3
984,TELANGANA,1982,DEC,0.0
985,TELANGANA,1983,JAN,0.0
986,TELANGANA,1983,FEB,4.2
987,TELANGANA,1983,MAR,1.7
988,TELANGANA,1983,APR,3.9
989,TELANGANA,1983,MAY,38.4
990,TELANGANA,1983,JUN,158.8
991,TELANGANA,1983,JUL,301.5
992,TELANGANA,1983,AUG,416.8
993,TELANGANA,1983,SEP,378.2
994,TELANGANA,1983,OCT,185.4
995,TELANGANA,1983,NOV,1.0
996,TELANGANA,1983,DEC,7.5
997,TELANGANA,1984,JAN,7.3
998,TELANGANA,1984,FEB,8.1
999,TELANGANA,1984,MAR,4.7
1000,TELANGANA,1984,APR,11.4
1001,TELANGANA,1984,MAY,3.5
1002,TELANGANA,1984,JUN,104.9
1003,TELANGANA,1984,JUL,277.8
1004,TELANGANA,1984,AUG,119.8
1005,TELANGANA,1984,SEP,111.8
1006,TELANGANA,1984,OCT,91.1
1007,TELANGANA,1984,NOV,2.2
1008,TELANGANA,1984,DEC,0.0
1009,TELANGANA,1985,JAN,5.7
1010,TELANGANA,1985,FEB,0.0
1011,TELANGANA,1985,MAR,4.7
1012,TELANGANA,1985,APR,15.5
1013,TELANGANA,1985,MAY,13.6
1014,TELANGANA,1985,JUN,181.4
1015,TELANGANA,1985,JUL,223.8
1016,TELANGANA,1985,AUG,160.8
1017,TELANGANA,1985,SEP,70.0
1018,TELANGANA,1985,OCT,108.0
1019,TELANGANA,1985,NOV,0.0
1020,TELANGANA,1985,DEC,2.3
1021,TELANGANA,1986,JAN,29.4
1022,TELANGANA,1986,FEB,60.3
1023,TELANGANA,1986,MAR,1.9
1024,TELANGANA,1986,APR,21.5
1025,TELANGANA,1986,MAY,9.1
1026,TELANGANA,1986,JUN,115.5
1027,TELANGANA,1986,JUL,234.9
1028,TELANGANA,1986,AUG,406.8
1029,TELANGANA,1986,SEP,65.6
1030,TELANGANA,1986,OCT,24.6
1031,TELANGANA,1986,NOV,20.4
1032,TELANGANA,1986,DEC,17.3
1033,TELANGANA,1987,JAN,15.3
1034,TELANGANA,1987,FEB,1.0
1035,TELANGANA,1987,MAR,18.4
1036,TELANGANA,1987,APR,9.5
1037,TELANGANA,1987,MAY,30.5
1038,TELANGANA,1987,JUN,133.1
1039,TELANGANA,1987,JUL,275.0
1040,TELANGANA,1987,AUG,221.6
1041,TELANGANA,1987,SEP,60.1
1042,TELANGANA,1987,OCT,94.7
1043,TELANGANA,1987,NOV,116.0
1044,TELANGANA,1987,DEC,1.8
1045,TELANGANA,1988,JAN,0.0
1046,TELANGANA,1988,FEB,6.5
1047,TELANGANA,1988,MAR,1.1
1048,TELANGANA,1988,APR,26.6
1049,TELANGANA,1988,MAY,3.4
1050,TELANGANA,1988,JUN,135.8
1051,TELANGANA,1988,JUL,656.2
1052,TELANGANA,1988,AUG,341.7
1053,TELANGANA,1988,SEP,313.4
1054,TELANGANA,1988,OCT,50.5
1055,TELANGANA,1988,NOV,2.4
1056,TELANGANA,1988,DEC,7.2
1057,TELANGANA,1989,JAN,0.0
1058,TELANGANA,1989,FEB,0.0
1059,TELANGANA,1989,MAR,39.2
1060,TELANGANA,1989,APR,1.9
1061,TELANGANA,1989,MAY,4.9
1062,TELANGANA,1989,JUN,238.5
1063,TELANGANA,1989,JUL,406.0
1064,TELANGANA,1989,AUG,277.7
1065,TELANGANA,1989,SEP,165.4
1066,TELANGANA,1989,OCT,17.4
1067,TELANGANA,1989,NOV,1.4
1068,TELANGANA,1989,DEC,8.6
1069,TELANGANA,1990,JAN,4.2
1070,TELANGANA,1990,FEB,4.1
1071,TELANGANA,1990,MAR,35.2
1072,TELANGANA,1990,APR,1.0
1073,TELANGANA,1990,MAY,159.8
1074,TELANGANA,1990,JUN,245.1
1075,TELANGANA,1990,JUL,180.2
1076,TELANGANA,1990,AUG,471.1
1077,TELANGANA,1990,SEP,132.1
1078,TELANGANA,1990,OCT,180.2
1079,TELANGANA,1990,NOV,12.4
1080,TELANGANA,1990,DEC,0.1
1081,TELANGANA,1991,JAN,21.7
1082,TELANGANA,1991,FEB,4.1
1083,TELANGANA,1991,MAR,8.9
1084,TELANGANA,1991,APR,21.6
1085,TELANGANA,1991,MAY,34.4
1086,TELANGANA,1991,JUN,194.5
1087,TELANGANA,1991,JUL,268.8
1088,TELANGANA,1991,AUG,122.0
1089,TELANGANA,1991,SEP,100.8
1090,TELANGANA,1991,OCT,29.4
1091,TELANGANA,1991,NOV,36.8
1092,TELANGANA,1991,DEC,6.0
1093,TELANGANA,1992,JAN,4.8
1094,TELANGANA,1992,FEB,0.0
1095,TELANGANA,1992,MAR,2.5
1096,TELANGANA,1992,APR,10.7
1097,TELANGANA,1992,MAY,20.6
1098,TELANGANA,1992,JUN,180.5
1099,TELANGANA,1992,JUL,180.5
1100,TELANGANA,1992,AUG,271.8
1101,TELANGANA,1992,SEP,99.0
1102,TELANGANA,1992,OCT,47.0
1103,TELANGANA,1992,NOV,46.1
1104,TELANGANA,1992,DEC,0.0
1105,TELANGANA,1993,JAN,4.9
1106,TELANGANA,1993,FEB,2.0
1107,TELANGANA,1993,MAR,12.9
1108,TELANGANA,1993,APR,13.1
1109,TELANGANA,1993,MAY,29.4
1110,TELANGANA,1993,JUN,83.9
1111,TELANGANA,1993,JUL,291.8
1112,TELANGANA,1993,AUG,146.4
1113,TELANGANA,1993,SEP,187.0
1114,TELANGANA,1993,OCT,100.9
1115,TELANGANA,1993,NOV,0.1
1116,TELANGANA,1993,DEC,13.2
1117,TELANGANA,1994,JAN,8.6
1118,TELANGANA,1994,FEB,12.5
1119,TELANGANA,1994,MAR,0.0
1120,TELANGANA,1994,APR,21.5
1121,TELANGANA,1994,MAY,20.4
1122,TELANGANA,1994,JUN,115.3
1123,TELANGANA,1994,JUL,308.2
1124,TELANGANA,1994,AUG,256.3
1125,TELANGANA,1994,SEP,53.9
1126,TELANGANA,1994,OCT,143.0
1127,TELANGANA,1994,NOV,36.2
1128,TELANGANA,1994,DEC,0.0
1129,TELANGANA,1995,JAN,98.7
1130,TELANGANA,1995,FEB,0.5
1131,TELANGANA,1995,MAR,22.0
1132,TELANGANA,1995,APR,16.0
1133,TELANGANA,1995,MAY,35.6
1134,TELANGANA,1995,JUN,135.4
1135,TELANGANA,1995,JUL,282.1
1136,TELANGANA,1995,AUG,209.2
1137,TELANGANA,1995,SEP,141.1
1138,TELANGANA,1995,OCT,332.7
1139,TELANGANA,1995,NOV,12.6
1140,TELANGANA,1995,DEC,0.0
1141,TELANGANA,1996,JAN,0.0
1142,TELANGANA,1996,FEB,7.9
1143,TELANGANA,1996,MAR,4.7
1144,TELANGANA,1996,APR,31.1
1145,TELANGANA,1996,MAY,13.6
1146,TELANGANA,1996,JUN,115.9
1147,TELANGANA,1996,JUL,264.1
1148,TELANGANA,1996,AUG,295.9
1149,TELANGANA,1996,SEP,160.2
1150,TELANGANA,1996,OCT,72.4
1151,TELANGANA,1996,NOV,13.2
1152,TELANGANA,1996,DEC,7.8
1153,TELANGANA,1997,JAN,22.6
1154,TELANGANA,1997,FEB,0.9
1155,TELANGANA,1997,MAR,20.2
1156,TELANGANA,1997,APR,43.4
1157,TELANGANA,1997,MAY,21.3
1158,TELANGANA,1997,JUN,85.5
1159,TELANGANA,1997,JUL,156.7
1160,TELANGANA,1997,AUG,154.5
1161,TELANGANA,1997,SEP,169.1
1162,TELANGANA,1997,OCT,87.9
1163,TELANGANA,1997,NOV,46.9
1164,TELANGANA,1997,DEC,46.9
1165,TELANGANA,1998,JAN,5.2
1166,TELANGANA,1998,FEB,22.2
1167,TELANGANA,1998,MAR,15.2
1168,TELANGANA,1998,APR,15.5
1169,TELANGANA,1998,MAY,27.9
1170,TELANGANA,1998,JUN,149.4
1171,TELANGANA,1998,JUL,264.0
1172,TELANGANA,1998,AUG,290.5
1173,TELANGANA,1998,SEP,209.3
1174,TELANGANA,1998,OCT,79.4
1175,TELANGANA,1998,NOV,14.5
1176,TELANGANA,1998,DEC,0.0
1177,TELANGANA,1999,JAN,0.0
1178,TELANGANA,1999,FEB,9.3
1179,TELANGANA,1999,MAR,4.6
1180,TELANGANA,1999,APR,1.7
1181,TELANGANA,1999,MAY,74.8
1182,TELANGANA,1999,JUN,141.6
1183,TELANGANA,1999,JUL,205.2
1184,TELANGANA,1999,AUG,190.9
1185,TELANGANA,1999,SEP,177.6
1186,TELANGANA,1999,OCT,55.7
1187,TELANGANA,1999,NOV,2.2
1188,TELANGANA,1999,DEC,0.0
1189,TELANGANA,2000,JAN,0.6
1190,TELANGANA,2000,FEB,16.8
1191,TELANGANA,2000,MAR,1.0
1192,TELANGANA,2000,APR,16.3
1193,TELANGANA,2000,MAY,48.8
1194,TELANGANA,2000,JUN,253.2
1195,TELANGANA,2000,JUL,220.9
1196,TELANGANA,2000,AUG,420.5
1197,TELANGANA,2000,SEP,70.7
1198,TELANGANA,2000,OCT,20.2
1199,TELANGANA,2000,NOV,6.4
1200,TELANGANA,2000,DEC,2.5
1201,TELANGANA,2001,JAN,8.5
1202,TELANGANA,2001,FEB,0.0
1203,TELANGANA,2001,MAR,21.5
1204,TELANGANA,2001,APR,37.3
1205,TELANGANA,2001,MAY,7.5
1206,TELANGANA,2001,JUN,183.9
1207,TELANGANA,2001,JUL,123.8
1208,TELANGANA,2001,AUG,266.8
1209,TELANGANA,2001,SEP,119.9
1210,TELANGANA,2001,OCT,135.6
1211,TELANGANA,2001,NOV,17.4
1212,TELANGANA,2001,DEC,0.0
1213,TELANGANA,2002,JAN,18.8
1214,TELANGANA,2002,FEB,10.1
1215,TELANGANA,2002,MAR,7.6
1216,TELANGANA,2002,APR,7.7
1217,TELANGANA,2002,MAY,32.0
1218,TELANGANA,2002,JUN,143.2
1219,TELANGANA,2002,JUL,91.7
1220,TELANGANA,2002,AUG,321.7
1221,TELANGANA,2002,SEP,52.4
1222,TELANGANA,2002,OCT,76.2
1223,TELANGANA,2002,NOV,3.9
1224,TELANGANA,2002,DEC,0.0
1225,TELANGANA,2003,JAN,0.0
1226,TELANGANA,2003,FEB,10.7
1227,TELANGANA,2003,MAR,21.9
1228,TELANGANA,2003,APR,14.0
1229,TELANGANA,2003,MAY,7.9
1230,TELANGANA,2003,JUN,112.6
1231,TELANGANA,2003,JUL,312.2
1232,TELANGANA,2003,AUG,266.5
1233,TELANGANA,2003,SEP,103.2
1234,TELANGANA,2003,OCT,101.7
1235,TELANGANA,2003,NOV,7.3
1236,TELANGANA,2003,DEC,5.3
1237,TELANGANA,2004,JAN,34.4
1238,TELANGANA,2004,FEB,17.9
1239,TELANGANA,2004,MAR,9.3
1240,TELANGANA,2004,APR,25.9
1241,TELANGANA,2004,MAY,34.6
1242,TELANGANA,2004,JUN,64.6
1243,TELANGANA,2004,JUL,216.7
1244,TELANGANA,2004,AUG,117.7
1245,TELANGANA,2004,SEP,110.1
1246,TELANGANA,2004,OCT,30.6
1247,TELANGANA,2004,NOV,5.3
1248,TELANGANA,2004,DEC,0.0
1249,TELANGANA,2005,JAN,43.4
1250,TELANGANA,2005,FEB,14.1
1251,TELANGANA,2005,MAR,14.6
1252,TELANGANA,2005,APR,23.8
1253,TELANGANA,2005,MAY,19.7
1254,TELANGANA,2005,JUN,115.1
1255,TELANGANA,2005,JUL,400.3
1256,TELANGANA,2005,AUG,126.9
1257,TELANGANA,2005,SEP,246.3
1258,TELANGANA,2005,OCT,136.1
1259,TELANGANA,2005,NOV,3.9
1260,TELANGANA,2005,DEC,18.8
1261,TELANGANA,2006,JAN,0.0
1262,TELANGANA,2006,FEB,0.0
1263,TELANGANA,2006,MAR,42.7
1264,TELANGANA,2006,APR,38.6
1265,TELANGANA,2006,MAY,46.1
1266,TELANGANA,2006,JUN,104.8
1267,TELANGANA,2006,JUL,169.5
1268,TELANGANA,2006,AUG,308.2
1269,TELANGANA,2006,SEP,280.2
1270,TELANGANA,2006,OCT,28.1
1271,TELANGANA,2006,NOV,34.7
1272,TELANGANA,2006,DEC,0.0
1273,TELANGANA,2007,JAN,0.0
1274,TELANGANA,2007,FEB,0.0
1275,TELANGANA,2007,MAR,0.1
1276,TELANGANA,2007,APR,0.1
1277,TELANGANA,2007,MAY,9.2
1278,TELANGANA,2007,JUN,176.6
1279,TELANGANA,2007,JUL,134.6
1280,TELANGANA,2007,AUG,206.6
1281,TELANGANA,2007,SEP,262.3
1282,TELANGANA,2007,OCT,40.8
1283,TELANGANA,2007,NOV,13.0
1284,TELANGANA,2007,DEC,0.0
1285,TELANGANA,2008,JAN,0.2
1286,TELANGANA,2008,FEB,18.6
1287,TELANGANA,2008,MAR,108.6
1288,TELANGANA,2008,APR,15.7
1289,TELANGANA,2008,MAY,4.9
1290,TELANGANA,2008,JUN,132.9
1291,TELANGANA,2008,JUL,183.4
1292,TELANGANA,2008,AUG,391.8
1293,TELANGANA,2008,SEP,146.7
1294,TELANGANA,2008,OCT,24.2
1295,TELANGANA,2008,NOV,7.5
1296,TELANGANA,2008,DEC,0.8
1297,TELANGANA,2009,JAN,0.0
1298,TELANGANA,2009,FEB,0.0
1299,TELANGANA,2009,MAR,2.1
1300,TELANGANA,2009,APR,4.5
1301,TELANGANA,2009,MAY,13.1
1302,TELANGANA,2009,JUN,85.8
1303,TELANGANA,2009,JUL,118.4
1304,TELANGANA,2009,AUG,192.3
1305,TELANGANA,2009,SEP,149.7
1306,TELANGANA,2009,OCT,69.5
1307,TELANGANA,2009,NOV,29.6
1308,TELANGANA,2009,DEC,1.2
1309,TELANGANA,2010,JAN,10.3
1310,TELANGANA,2010,FEB,5.3
1311,TELANGANA,2010,MAR,1.5
1312,TELANGANA,2010,APR,5.6
1313,TELANGANA,2010,MAY,24.9
1314,TELANGANA,2010,JUN,127.0
1315,TELANGANA,2010,JUL,395.5
1316,TELANGANA,2010,AUG,308.1
1317,TELANGANA,2010,SEP,249.8
1318,TELANGANA,2010,OCT,98.7
1319,TELANGANA,2010,NOV,40.5
1320,TELANGANA,2010,DEC,9.3
1321,TELANGANA,2011,JAN,0.0
1322,TELANGANA,2011,FEB,11.9
1323,TELANGANA,2011,MAR,2.6
1324,TELANGANA,2011,APR,25.6
1325,TELANGANA,2011,MAY,9.3
1326,TELANGANA,2011,JUN,83.9
1327,TELANGANA,2011,JUL,268.2
1328,TELANGANA,2011,AUG,225.9
1329,TELANGANA,2011,SEP,107.6
1330,TELANGANA,2011,OCT,13.9
1331,TELANGANA,2011,NOV,4.2
1332,TELANGANA,2011,DEC,0.0
1333,TELANGANA,2012,JAN,6.7
1334,TELANGANA,2012,FEB,0.0
1335,TELANGANA,2012,MAR,0.2
1336,TELANGANA,2012,APR,14.0
1337,TELANGANA,2012,MAY,8.4
1338,TELANGANA,2012,JUN,124.4
1339,TELANGANA,2012,JUL,300.3
1340,TELANGANA,2012,AUG,229.9
1341,TELANGANA,2012,SEP,202.4
1342,TELANGANA,2012,OCT,83.6
1343,TELANGANA,2012,NOV,38.7
1344,TELANGANA,2012,DEC,0.0
1345,TELANGANA,2013,JAN,2.4
1346,TELANGANA,2013,FEB,29.0
1347,TELANGANA,2013,MAR,0.2
1348,TELANGANA,2013,APR,24.4
1349,TELANGANA,2013,MAY,8.5
1350,TELANGANA,2013,JUN,213.4
1351,TELANGANA,2013,JUL,453.8
1352,TELANGANA,2013,AUG,230.6
1353,TELANGANA,2013,SEP,161.4
1354,TELANGANA,2013,OCT,205.9
1355,TELANGANA,2013,NOV,16.4
1356,TELANGANA,2013,DEC,2.7
1357,TELANGANA,2014,JAN,0.2
1358,TELANGANA,2014,FEB,2.9
1359,TELANGANA,2014,MAR,58.3
1360,TELANGANA,2014,APR,10.3
1361,TELANGANA,2014,MAY,73.3
1362,TELANGANA,2014,JUN,62.3
1363,TELANGANA,2014,JUL,146.0
1364,TELANGANA,2014,AUG,205.2
1365,TELANGANA,2014,SEP,146.8
1366,TELANGANA,2014,OCT,29.6
1367,TELANGANA,2014,NOV,10.8
1368,TELANGANA,2014,DEC,0.7
1369,TELANGANA,2015,JAN,17.5
1370,TELANGANA,2015,FEB,0.0
1371,TELANGANA,2015,MAR,43.0
1372,TELANGANA,2015,APR,65.7
1373,TELANGANA,2015,MAY,23.3
1374,TELANGANA,2015,JUN,266.9
1375,TELANGANA,2015,JUL,104.4
1376,TELANGANA,2015,AUG,160.5
1377,TELANGANA,2015,SEP,158.3
1378,TELANGANA,2015,OCT,15.6
1379,TELANGANA,2015,NOV,0.3
1380,TELANGANA,2015,DEC,1.7
